{
  "layer": "albers_DevelopedLand_20_19",
  "datatype": "bool", 
  "type": "arg",
  "xmin": 1016067.855530,
  "xmax": 1023747.855530,
  "ymin": 1329093.186111,
  "ymax": 1336773.186111,
  "cols": 256,
  "rows": 256,
  "cellwidth": 30.000000,
  "cellheight": 30.000000,
  "epsg": 3785,
  "yskew": 0.0,
  "xskew": 0.0
}