{
    "cellheight": 75.0,
    "cellwidth": 75.0,
    "cols": 256,
    "datatype": "int8",
    "epsg": 3785,
    "layer": "SBN_inc_percap_tiled_4_3",
    "rows": 256,
    "type": "arg",
    "xmax": -8379497.884859569,
    "xmin": -8398697.88485957,
    "xskew": 0,
    "ymax": 4897165.69147447,
    "ymin": 4877965.69147447,
    "yskew": 0
}
