{
    "cellheight": 75.0,
    "cellwidth": 75.0,
    "cols": 256,
    "datatype": "int8",
    "epsg": 3785,
    "layer": "SBN_inc_percap_tiled_7_4",
    "rows": 256,
    "type": "arg",
    "xmax": -8321897.884859569,
    "xmin": -8341097.884859569,
    "xskew": 0,
    "ymax": 4877965.69147447,
    "ymin": 4858765.69147447,
    "yskew": 0
}
