{"layerId":{"name":"ones","zoom":10},"rasterMetaData":{"cellType":"float32","extent":{"xmin":141.7066666666667,"ymin":-17.946666666666676,"xmax":142.13333333333338,"ymax":-17.52000000000001},"crs":"+proj=longlat +datum=WGS84 +no_defs ","tileLayout":{"layoutCols":1024,"layoutRows":1024,"tileCols":512,"tileRows":512}},"path":"sub1"}
