{
  "layer": "albers_DevelopedLand_4_15",
  "datatype": "bool", 
  "type": "arg",
  "xmin": 893187.855530,
  "xmax": 900867.855530,
  "ymin": 1359813.186111,
  "ymax": 1367493.186111,
  "cols": 256,
  "rows": 256,
  "cellwidth": 30.000000,
  "cellheight": 30.000000,
  "epsg": 3785,
  "yskew": 0.0,
  "xskew": 0.0
}