{
  "layer": "albers_DevelopedLand_2_20",
  "datatype": "bool", 
  "type": "arg",
  "xmin": 877827.855530,
  "xmax": 885507.855530,
  "ymin": 1321413.186111,
  "ymax": 1329093.186111,
  "cols": 256,
  "rows": 256,
  "cellwidth": 30.000000,
  "cellheight": 30.000000,
  "epsg": 3785,
  "yskew": 0.0,
  "xskew": 0.0
}