{
  "layer": "albers_DevelopedLand_12_7",
  "datatype": "bool", 
  "type": "arg",
  "xmin": 954627.855530,
  "xmax": 962307.855530,
  "ymin": 1421253.186111,
  "ymax": 1428933.186111,
  "cols": 256,
  "rows": 256,
  "cellwidth": 30.000000,
  "cellheight": 30.000000,
  "epsg": 3785,
  "yskew": 0.0,
  "xskew": 0.0
}