{
  "layer": "albers_DevelopedLand_10_12",
  "datatype": "bool", 
  "type": "arg",
  "xmin": 939267.855530,
  "xmax": 946947.855530,
  "ymin": 1382853.186111,
  "ymax": 1390533.186111,
  "cols": 256,
  "rows": 256,
  "cellwidth": 30.000000,
  "cellheight": 30.000000,
  "epsg": 3785,
  "yskew": 0.0,
  "xskew": 0.0
}