{
  "layer": "albers_DevelopedLand_6_4",
  "datatype": "bool", 
  "type": "arg",
  "xmin": 908547.855530,
  "xmax": 916227.855530,
  "ymin": 1444293.186111,
  "ymax": 1451973.186111,
  "cols": 256,
  "rows": 256,
  "cellwidth": 30.000000,
  "cellheight": 30.000000,
  "epsg": 3785,
  "yskew": 0.0,
  "xskew": 0.0
}