{
  "layer": "albers_DevelopedLand_1_14",
  "datatype": "bool", 
  "type": "arg",
  "xmin": 870147.855530,
  "xmax": 877827.855530,
  "ymin": 1367493.186111,
  "ymax": 1375173.186111,
  "cols": 256,
  "rows": 256,
  "cellwidth": 30.000000,
  "cellheight": 30.000000,
  "epsg": 3785,
  "yskew": 0.0,
  "xskew": 0.0
}