{
  "layer": "us_ext_clip_esri",
  "datatype": "float32",
  "type": "arg",
  "xmin": -75.28900667082097,
  "xmax": -74.94734000416798,
  "ymin": 39.861532543324685,
  "ymax": 40.14486587664667,
  "cols": 41,
  "rows": 34,
  "cellwidth": 0.008333333332999598,
  "cellheight": 0.00833333333299953,
  "epsg": 3785,
  "yskew": 0.0,
  "xskew": 0.0
}