{
    "cellheight": 75.0,
    "cellwidth": 75.0,
    "cols": 256,
    "datatype": "int8",
    "epsg": 3785,
    "layer": "SBN_inc_percap_tiled_6_6",
    "rows": 256,
    "type": "arg",
    "xmax": -8341097.884859569,
    "xmin": -8360297.884859569,
    "xskew": 0,
    "ymax": 4839565.69147447,
    "ymin": 4820365.69147447,
    "yskew": 0
}
