{
  "layer": "albers_DevelopedLand_21_26",
  "datatype": "bool", 
  "type": "arg",
  "xmin": 1023747.855530,
  "xmax": 1031427.855530,
  "ymin": 1282173.186111,
  "ymax": 1283013.186111,
  "cols": 256,
  "rows": 256,
  "cellwidth": 30.000000,
  "cellheight": 30.000000,
  "epsg": 3785,
  "yskew": 0.0,
  "xskew": 0.0
}