{
  "layer": "albers_DevelopedLand_14_3",
  "datatype": "bool", 
  "type": "arg",
  "xmin": 969987.855530,
  "xmax": 977667.855530,
  "ymin": 1451973.186111,
  "ymax": 1459653.186111,
  "cols": 256,
  "rows": 256,
  "cellwidth": 30.000000,
  "cellheight": 30.000000,
  "epsg": 3785,
  "yskew": 0.0,
  "xskew": 0.0
}